,overall,review_length,contains_negative,repetition_score,unusual_patterns_score,fake_looking_score,vader_compound
overall,1.0,0.2575438155147652,-0.19767387315371673,-0.014255506944577707,0.046257786888455034,-0.011688471764260782,0.6054543121221583
review_length,0.2575438155147652,1.0,-0.0777796041031637,0.7125855210826667,-0.246168884255027,0.7067627960040548,0.43690793720390037
contains_negative,-0.19767387315371673,-0.0777796041031637,1.0,-0.11637996130279571,0.4410103213785116,-0.09166608090311841,-0.41115860996952763
repetition_score,-0.014255506944577707,0.7125855210826667,-0.11637996130279571,1.0,-0.23565602823850224,0.998338698549537,0.118734871914948
unusual_patterns_score,0.046257786888455034,-0.246168884255027,0.4410103213785116,-0.23565602823850224,1.0,-0.1792691791305165,-0.09566764865636292
fake_looking_score,-0.011688471764260782,0.7067627960040548,-0.09166608090311841,0.998338698549537,-0.1792691791305165,1.0,0.11452459859241526
vader_compound,0.6054543121221583,0.43690793720390037,-0.41115860996952763,0.118734871914948,-0.09566764865636292,0.11452459859241526,1.0
