,overall,review_length,contains_negative
overall,1.0,0.2575438155147652,-0.19767387315371673
review_length,0.2575438155147652,1.0,-0.0777796041031637
contains_negative,-0.19767387315371673,-0.0777796041031637,1.0
